Series Name,Series Code,Country Name,Country Code,2000 [YR2000],2001 [YR2001],2002 [YR2002],2003 [YR2003],2004 [YR2004],2005 [YR2005],2006 [YR2006],2007 [YR2007],2015 [YR2015],2016 [YR2016],2017 [YR2017],2018 [YR2018],2019 [YR2019],2020 [YR2020],2021 [YR2021],2022 [YR2022],2023 [YR2023],2024 [YR2024]
GDP (current US$),NY.GDP.MKTP.CD,Algeria,DZA,54790398570.3282,59413400923.6364,61516103406.1688,73482264190.9245,91913680985.1708,107046618669.707,123084258693.01,142482739809.849,187493855609.345,180763839522.151,189880896903.073,194554483655.528,193459662090.677,164873415325.201,186231205262.082,225638456572.143,247626161016.414,..
GDP (current US$),NY.GDP.MKTP.CD,Angola,AGO,9129594970.15301,8936079117.73136,15285592370.374,17812704586.4397,23552057679.4994,36970900883.8109,52381025141.4268,65266415494.2584,90496420506.5957,52761617225.9253,73690154990.7312,79450688259.3664,70897962732.0277,48501561203.5686,66505129987.7235,104399746853.401,84824654481.7249,..
GDP (current US$),NY.GDP.MKTP.CD,Benin,BEN,3519991440.47913,3666222635.13875,4194342686.2178,5349258094.48239,6190270380.49856,6567654954.38903,7034111314.88812,8169048382.83875,11388160997.1089,11821065852.1271,12701655845.9612,14262408079.7014,14391686309.033,15651545208.8783,17690083519.9323,17401746309.2655,19676049075.7011,..
GDP (current US$),NY.GDP.MKTP.CD,Botswana,BWA,5788329609.15755,5489608299.66445,5438863982.88692,7511582173.37724,8957467706.5354,9918907108.09702,9919158482.41085,10567270655.5027,13530748844.505,15082637184.0496,16105155856.7708,17031943186.1353,16725908148.5481,14960291105.9316,18750946600.1423,20321958850.0363,19396084498.0084,..
GDP (current US$),NY.GDP.MKTP.CD,Burkina Faso,BFA,2968370087.59759,3190371080.94768,3622350062.96053,4740768142.67494,5451688537.60959,6146353173.34929,6547419820.38113,7625722836.76847,11832159315.6298,12833363045.3367,14106955615.3442,15890066221.2882,16032813503.3707,17725010532.5268,19697516284.3787,18820218690.5948,20324617844.5265,..
GDP (current US$),NY.GDP.MKTP.CD,Burundi,BDI,870486065.883137,876794723.068586,825394519.423728,784654423.620476,915257323.3961,1117113079.73645,1273375078.44844,1356199387.42308,3104003546.26497,2644487776.50077,2723586962.84034,2667182199.51333,2576518879.82353,2649680261.44299,2775798697.46022,3338722827.65691,2642161668.85211,..
GDP (current US$),NY.GDP.MKTP.CD,Cabo Verde,CPV,539227277.626411,563090490.377368,620507387.466174,813260468.873834,924940011.836897,972241676.907662,1107571457.90614,1649621738.63689,1749857620.35329,1849789992.7426,1996741544.61574,2205099509.15987,2252177133.74705,1821565617.6945,2051842609.64558,2247003347.63376,2533819406.4916,..
GDP (current US$),NY.GDP.MKTP.CD,Cameroon,CMR,10566579294.9831,10953485349.1135,12417251350.4882,15970315034.9903,18826214135.6419,19509852206.9341,20910512974.933,23928250433.0378,32210233020.4569,33814337044.3765,36098547033.1655,39955552189.795,39667757527.6578,40773241177.0505,45011937346.8384,44347206072.5513,49279410982.826,..
GDP (current US$),NY.GDP.MKTP.CD,Central African Republic,CAF,916777282.691659,932648604.751954,996068144.884889,1142315522.53864,1272360517.32373,1337894378.73743,1461859762.33459,1699811294.94935,1695825714.19282,1825018144.65595,2072349972.6818,2220979146.11241,2221301351.43918,2326720900.38047,2516498412.46384,2382618615.01694,2555492085.24831,..
GDP (current US$),NY.GDP.MKTP.CD,"Congo, Dem. Rep.",COD,19088046305.7971,7438189100.33333,8728038525.14034,8937567059.87754,10297483481.223,11964484465.9388,14451901696.3878,16737071816.38,37917706497.1793,37134801555.3322,38019264794.8263,47568210009.8172,51775829877.2088,48716961860.1325,55328482783.5393,65801547619.5815,66383287002.9867,..
GDP (current US$),NY.GDP.MKTP.CD,"Congo, Rep.",COG,3227927697.57921,2796704604.03812,3034250923.97726,3503723087.74483,4656974940.12721,6650001680.48544,8072305029.06514,8782703436.70188,12434793867.3568,10931328150.8478,11834473039.3645,14773900288.5135,13976637779.9763,11468687464.0046,14825690210.9157,15817030154.6941,15321055822.5167,..
GDP (current US$),NY.GDP.MKTP.CD,Cote d'Ivoire,CIV,16577533891.8785,16810537043.8407,18054383320.8474,21251754340.4305,23510575681.3686,24036918703.1747,25281413263.3712,28760090953.3081,45815005169.2651,48407761036.8238,52512343996.69,58522477786.6889,60382894697.3557,63027852805.4204,72794636653.7793,70173140101.4315,78875489245.0538,..
GDP (current US$),NY.GDP.MKTP.CD,Djibouti,DJI,551230861.856505,572417440.820162,591122039.601398,622044665.515049,666072101.777505,708633194.726566,768873684.032838,847918929.107984,2424391785.43897,2604955228.70117,2762581334.22612,2913466732.12507,3088853638.56832,3185150981.03207,3385825228.86997,3674298479.07676,4098530513.55777,..
GDP (current US$),NY.GDP.MKTP.CD,"Egypt, Arab Rep.",EGY,99838543960.0763,96684636118.5984,85146067415.7303,80288461538.4615,78782467532.4675,89600665557.4043,107426086956.522,130437828371.278,329366576819.407,332441717791.411,248362771739.13,262588632526.73,318678815489.749,383817841547.099,424671765455.704,476747720364.742,396002496996.96,..
GDP (current US$),NY.GDP.MKTP.CD,Equatorial Guinea,GNQ,1045998496.43872,1461139022.02954,1806742742.27311,2484745935.09329,4410764338.66733,8217369092.65224,10086528698.8604,13071718758.7373,13185496881.0174,11240808847.8878,12200913878.9827,13097012133.6159,11364133549.7478,9893816007.7398,12215878032.7166,13687643435.6249,12337550583.754,..
GDP (current US$),NY.GDP.MKTP.CD,Eritrea,ERI,706370815.584416,752371688.743186,729321680.154324,870248267.550163,1109054005.43971,1098424685.66169,1211161879.6748,1317974491.05691,..,..,..,..,..,..,..,..,..,..
GDP (current US$),NY.GDP.MKTP.CD,Ethiopia,ETH,8242349617.8638,8231326016.47494,7850809498.16803,8623691300.04079,10131187261.4421,12401139453.9738,15280861834.6024,19707616772.7996,64589328550.5953,74296745207.8721,81770886825.6048,84269196625.8784,95912607722.3032,107657734392.446,111261882958.426,126772703047.701,163697927593.982,..
GDP (current US$),NY.GDP.MKTP.CD,Gabon,GAB,5080483628.53013,5023265413.2623,5335451099.88223,6511903365.47554,7770219008.21293,9582783990.85345,10327598306.4575,12455409587.3371,14383107762.6952,14023890265.3665,14929487485.1623,16867326401.9626,16874405465.391,15342236163.9864,19444935097.2395,20440655695.1804,19388402541.6698,..
GDP (current US$),NY.GDP.MKTP.CD,Ghana,GHA,4982850662.20851,5314872854.4405,6166197847.85031,7632723555.66221,8881417906.71432,10744568381.4456,20885037596.6963,24827339138.4906,49406010054.2663,56164929304.8754,60405924078.7278,67298914624.3723,68337969247.7067,70043099675.68,79524421861.2743,74263364041.8742,76370396722.154,..
GDP (current US$),NY.GDP.MKTP.CD,Guinea,GIN,4367458866.71537,4125527603.22908,4301608752.51396,5025167975.26363,5300767960.51572,4282468636.90501,4220019845.26658,6281918226.34063,8794201742.84609,8595955222.49719,10324668271.1362,11857030366.7891,13442861496.4454,14088693742.9464,17069115737.8259,19910452541.9219,22199409741.2578,..
GDP (current US$),NY.GDP.MKTP.CD,Kenya,KEN,12705350097.8044,12986007425.8781,13147736898.5176,14904517649.8476,16095337093.8366,18737895512.7378,25825512284.2891,31958195182.2406,70120446896.8359,74815144163.8931,82036510877.2599,92202979985.2863,100378436207.371,100657505750.545,109703658904.994,114448978152.637,108038588970.595,..
GDP (current US$),NY.GDP.MKTP.CD,Lesotho,LSO,887291687.920796,825706961.238689,775777238.55814,1157825434.78971,1511236655.52047,1682343527.49221,1800092563.75462,1682131784.51365,2359686724.53829,2114426452.2019,2306741672.29006,2556247291.99785,2390702295.82777,2053699870.07191,2412130056.55851,2354683088.71995,2117962450.79469,..
GDP (current US$),NY.GDP.MKTP.CD,Liberia,LBR,874000000,906000000,927000000,748000000,897000000,949000000,1119000000,1373000000,3227075700,3398419600,3390703400,3422754800,3319596500,3176126300,3513049500,4001047000,4240000000,..
GDP (current US$),NY.GDP.MKTP.CD,Madagascar,MDG,4629247203.84524,5438332601.90798,5351701663.40807,6372498889.66585,5064732626.29389,5859269752.61332,6395712490.94304,8524620889.57747,11323020701.3017,11848613858.442,13176313593.5509,13760033282.2925,14104664678.5063,13051441203.9474,14554754116.5427,15134700203.0497,15790113246.7478,..
GDP (current US$),NY.GDP.MKTP.CD,Malawi,MWI,2537307580.32808,2498008664.6691,5087328437.8737,4669789300.35662,5058726350.48896,5320409651.47544,5818279739.14354,6451210219.11683,9219474379.31534,7909868618.46366,8943543793.5839,9879231591.52434,11051865579.8121,11769313597.8545,12378129750.9872,12429060150.742,12712150082.0792,..
GDP (current US$),NY.GDP.MKTP.CD,Mali,MLI,2961484953.86444,3468337942.32063,3908121307.01957,4714071979.68835,5454249125.72966,6247515888.14533,6905934217.90901,8156468826.12645,13104764378.326,14026048335.7047,15365713048.1993,17070867589.9055,17280250810.0321,17465392764.3706,19309463508.0377,18780322203.7584,20661794596.0873,..
GDP (current US$),NY.GDP.MKTP.CD,Mauritania,MRT,1779520886.47015,1746063557.61355,1777057481.26043,2051147606.73687,2362501023.24249,2936019525.60241,3919577285.92703,4346212355.02975,6166863896.68677,6398747592.13185,6800135898.28827,7473550557.07378,7894764885.82312,8260752385.23089,9222536364.01272,9557966698.25369,10651709411.4594,..
GDP (current US$),NY.GDP.MKTP.CD,Mauritius,MUS,4726108622.47661,4675755867.17657,4906494249.38255,5894873919.74797,6667418752.07307,6576108447.47531,7028810680.89077,8150150209.22501,12007291045.6489,12594155464.4136,13713506130.6081,14735695930.9727,14436346979.6355,11408106446.3144,11484348857.8529,12927979286.0453,14644524819.0054,..
GDP (current US$),NY.GDP.MKTP.CD,Morocco,MAR,43017455401.8445,43831480207.6444,47077192187.6418,58029363354.2757,66114145451.0067,68852658068.6673,75883823300.8545,86947913286.728,110413823841.592,111572947004.917,118540573367.844,127341147581.818,128920266409.458,121353645057.144,142022058447.231,130951926351.241,144417103249.646,..
GDP (current US$),NY.GDP.MKTP.CD,Mozambique,MOZ,5930685214.61595,5650154067.10346,5950769426.60213,6583526860.58062,7937255565.35765,8868504899.94673,9509835536.93373,10811456005.9405,16208985769.615,12069051237.1711,13264640645.7768,15017358952.8452,15512759046.672,14235420174.1884,16168055475.4449,18883528581.3734,20954220983.5473,..
GDP (current US$),NY.GDP.MKTP.CD,Namibia,NAM,3922232164.83175,3557341215.15159,3349169826.38896,4926439383.51425,6609205994.77406,7248374837.72056,8001779551.06323,8839536475.99963,11335161083.5061,10722018732.0936,12895153370.9132,13682019076.4022,12541928303.48,10583748541.5258,12402486183.6396,12567271004.6761,12351025066.9131,..
GDP (current US$),NY.GDP.MKTP.CD,Niger,NER,2241753192.81158,2448714703.96617,2782192878.67204,3394084732.49543,3760443737.53797,4383315964.58718,4756361252.37923,5731485051.79069,9683867926.44282,10398861981.7583,11185104251.6943,12837307496.8821,12889555561.2299,13744653103.058,14915002436.069,15433852712.2963,16819170420.5653,..
GDP (current US$),NY.GDP.MKTP.CD,Nigeria,NGA,69171451627.2465,73557840064.489,95054059302.6995,104738954264.226,135764731645.611,175670569969.346,238454997161.48,278260846800.103,493026682800.63,404649125252.16,375745731053.427,421739251509.08,474517490844.461,432198898467.795,440833635873.827,477403400101.174,363846332834.618,..
GDP (current US$),NY.GDP.MKTP.CD,Rwanda,RWA,2068836754.37431,1966600715.49841,1966003468.49117,2138237278.73822,2376496067.01198,2933819766.17656,3319784538.73346,4070507894.61656,8543759677.58157,8695272300.91019,9252834336.49492,9637904655.17446,10349300380.33,10174387374.3478,11069280649.6459,13316160895.0447,14097768472.1883,..
GDP (current US$),NY.GDP.MKTP.CD,South Sudan,SSD,..,..,..,..,..,..,..,..,11997800760.2242,..,..,..,..,..,..,..,..,..
GDP (current US$),NY.GDP.MKTP.CD,Sudan,SDN,12257299147.2936,15716361792.1926,18137128388.3606,21355298459.5955,26646007250.7319,35182711987.974,45263831634.1497,59440139774.8128,51726758676.7677,42630376000,41283617976.1905,32333780383.2924,32338079165.2893,27034593750,34229513774.9936,51666875363.0963,109265503110.904,..
GDP (current US$),NY.GDP.MKTP.CD,Senegal,SEN,6013185003.97525,6507824829.26254,7006402319.75856,8768721563.18211,10076816666.6196,11009033437.939,11697918243.0035,13994218412.9619,17774766696.1759,19040312333.1864,20996562943.5979,23116701556.1381,23403995992.1354,24530513037.7518,27520784129.7508,27619479059.6131,30848333083.7055,..
GDP (current US$),NY.GDP.MKTP.CD,Sierra Leone,SLE,635866403.776065,1681473752.3847,1933864034.188,2142618349.81099,2237350963.27352,2545275312.60512,2912986118.07453,3326853435.59832,6651626733.64854,6042615859.61074,5818480351.63706,6390514688.52816,6523577590.38319,6688594757.62129,7165214367.64956,7119137321.90082,6411869546.28929,..
GDP (current US$),NY.GDP.MKTP.CD,South Africa,ZAF,151752757215.309,135429905922.526,129087556612.449,197018965308.697,255806908594.573,288867217196.534,303858675363.643,333077117253.684,346709790458.563,323585509674.481,381448814653.456,405260723892.517,389330032224.269,337974655408.055,420886877628.703,406920004594.074,380699271814.508,..
GDP (current US$),NY.GDP.MKTP.CD,Tanzania,TZA,13371767081.7428,13563990022.3641,14129651895.6911,15211487708.7684,16673062473.3981,18395383647.4975,18619859795.2852,21860434823.4808,47413919817.124,49774409374.4538,53274884532.7886,57003712892.0858,61026731925.9213,66068737786.0639,70655628147.8986,75769974505.0106,79062403820.892,..
GDP (current US$),NY.GDP.MKTP.CD,Chad,TCD,1388506771.58756,1710843377.00119,1997005708.81576,2742815071.5744,4422855660.82592,6649307523.64377,7428701453.91509,8650137743.32547,10950392256.9543,10097778098.1707,10000394381.0177,11239167898.3395,11314951091.7283,10715396042.3343,11779981332.8631,12396807588.4082,13149325362.3347,..
GDP (current US$),NY.GDP.MKTP.CD,Togo,TGO,2106848752.27753,2093498674.49678,2410199032.43102,2987984050.99318,3191561508.69088,3221910408.46516,3320907721.74508,3759964943.38078,5755461035.38026,6071170959.12093,6387422517.69225,7029300383.08031,6992700101.37188,7400284167.78479,8342243645.94438,8169476148.95692,9171261837.57103,..
GDP (current US$),NY.GDP.MKTP.CD,Tunisia,TUN,21473528160.7782,22065832448.8623,23141616604.5242,27453902261.4629,31183885241.4396,32272186694.8043,34376664600.5898,38915353866.757,45779494041.9295,44360072680.4476,42163530590.9462,42686504459.801,41905642418.825,42491780918.361,46812290143.344,44579761022.8993,48529595416.6533,..
GDP (current US$),NY.GDP.MKTP.CD,Uganda,UGA,6193246837.09687,5840503868.51573,6178563591.12051,6606884275.23087,7939487547.77384,9239221763.05793,9977647682.96954,11902564494.8833,32387183730.1002,29203988696.2626,30744473841.424,32927025619.6795,35348155095.4215,37600368241.6657,40529788748.6737,45565333210.9108,48768955863.3175,..
GDP (current US$),NY.GDP.MKTP.CD,Zambia,ZMB,3600632111.41414,4094441301.21423,4193850445.42632,4901869764.05957,6221110219.45542,8331870169.14977,12756858899.2812,14056957976.2648,21251216798.7762,20958412538.3093,25873601260.8353,26311507273.6735,23308667781.2258,18137764930.651,22096416932.0089,29163782140.4858,27577956471.244,..
GDP (current US$),NY.GDP.MKTP.CD,Zimbabwe,ZWE,6689957600,6777384700,6342116400,5727591800,5805598400,5755215200,5443896500,5291950100,19963120600,20548678100,51074660513.3715,34156069918.0609,25717409842.4479,26867936444.6826,27240515108.8049,32789751736.3323,35231367885.8554,..
GDP (current US$),NY.GDP.MKTP.CD,"Gambia, The",GMB,782913871.80966,687410645.063943,578235309.327198,487038685.045496,961900651.423441,1027701067.55688,1054112487.74083,1279703047.0221,1378176608.93204,1484578885.97132,1504909462.69521,1670671327.81651,1813609692.49994,1812170891.19069,2014158842.14596,2204734527.88096,2396111021.64149,..
GDP (current US$),NY.GDP.MKTP.CD,Comoros,COM,351136579.648632,378512024.077556,425964681.044378,546885222.713065,633706110.795614,653845169.168576,698431793.872776,795673152.867077,966029600.862227,1012835493.19325,1077439756.59451,1188797449.38584,1195019531.9011,1225039196.61091,1296089479.91978,1242519407.77603,1352380971.24055,..
GDP (current US$),NY.GDP.MKTP.CD,Seychelles,SYC,654212394.27164,662064155.920692,742134837.50919,750847230.099263,893012218.181818,977899381.818182,1081441283.31798,1077308813.82945,1432403352.12944,1568513348.14463,1675370641.01416,1784313926.76807,1868690096.73454,1382551751.56908,1487173794.80528,2057968519.83091,2141450171.13932,..
Exports of goods and services (% of GDP),NE.EXP.GNFS.ZS,Algeria,DZA,42.0697177213416,34.1212313958018,33.1371640975005,35.6690635287432,38.3929594593676,44.371282898314,45.7641342682087,44.720155665402,20.5281416810455,18.4866879717888,20.3336795171675,23.423105738908,20.407941949491,15.5352011116191,23.4443672905951,30.8089785470304,23.6195363708424,..
Exports of goods and services (% of GDP),NE.EXP.GNFS.ZS,Angola,AGO,..,..,57.0849959046266,54.3213388113835,58.3803583199793,65.5262677696291,63.4678635039226,67.9057833724671,29.7545979506807,28.1244854472006,29.0041020030504,40.8362898299819,40.7907550532833,38.314540742558,47.7452759675607,44.391642097512,40.8567793904075,..
Exports of goods and services (% of GDP),NE.EXP.GNFS.ZS,Benin,BEN,20.6053025489554,19.8685788115524,19.726610778332,18.6442972500831,18.5135475659125,18.483639980467,18.057925712964,22.0428531154363,24.7204512110389,27.6067880711982,27.2055947818832,27.2742306189085,29.6305271935478,19.8724704276524,20.9188061754733,21.6532095498925,21.1934539892603,..
Exports of goods and services (% of GDP),NE.EXP.GNFS.ZS,Botswana,BWA,51.8318100701299,48.6576082380348,52.1574267782427,48.8268578340104,49.6137877815052,52.9235535447696,51.7808267603935,56.479962927168,53.0908973428197,54.6113547604529,42.9200424885539,44.2281439237392,37.0878176552067,31.2902836724863,41.9108436360075,43.5418799471132,32.2751013777669,..
Exports of goods and services (% of GDP),NE.EXP.GNFS.ZS,Burkina Faso,BFA,8.8447174852677,9.0440827674193,8.86536563219181,9.22043165840572,10.8815873012951,9.84184747809064,10.9568635027021,10.3485422167992,26.1076455357024,25.915964804251,26.4523856350501,28.0789061419219,29.2576956572794,31.7768656908663,32.797073516181,31.744842886064,28.8622955091639,..
Exports of goods and services (% of GDP),NE.EXP.GNFS.ZS,Burundi,BDI,6.3189705942566,5.17920216470328,4.68580418118256,6.38141402548028,6.95274828690709,6.20000016552948,7.3,6.80000013631119,6.41727356534236,6.38452218976084,6.02657432870477,5.6856543143069,5.17203999926172,4.54932000033401,5.00028999994313,4.9710985076333,5.26338520550318,..
Exports of goods and services (% of GDP),NE.EXP.GNFS.ZS,Cabo Verde,CPV,27.0072185431265,29.80941288281,32.5449567130458,31.3643511669509,32.004173065871,37.7773604608664,45.1322052608015,33.7458980966483,41.1354523359312,41.4729487181747,42.0688035837608,45.865993464408,46.7050331370949,25.2933707721998,23.8497983576563,38.6842542170134,38.3639967741243,..
Exports of goods and services (% of GDP),NE.EXP.GNFS.ZS,Cameroon,CMR,24.8568127317047,25.2612172490423,22.9861583659013,19.4369114585916,20.5475737052101,22.2454563981154,24.1790940584351,26.9786418047148,20.9891496295315,18.9499787559649,18.3510985830022,18.7362534690181,19.8500907473186,15.2357369814791,16.5088840367781,19.321813317909,16.6141431983781,..
Exports of goods and services (% of GDP),NE.EXP.GNFS.ZS,Central African Republic,CAF,20.3722135905975,17.1572538375263,15.96270493648,18.2360038377682,13.997917508823,13.3627533256972,14.3160051485309,14.1153274204234,17.0676606236635,14.8218796578137,17.2597737600181,15.9400300007701,15.7553800018083,15.1724799997493,13.2274599967551,12.3004999986493,14.4408262093734,..
Exports of goods and services (% of GDP),NE.EXP.GNFS.ZS,"Congo, Dem. Rep.",COD,11.4496120313427,11.987684833486,15.6713428067886,24.0004430362555,22.7295135131027,22.9441827774461,21.7000985286877,39.0719137879801,27.7255678009169,23.9564422023011,35.2505221787596,32.5535282647371,25.8676651009614,28.6049515263296,40.385829565187,45.4979499673544,44.2459902044245,..
Exports of goods and services (% of GDP),NE.EXP.GNFS.ZS,"Congo, Rep.",COG,80.297147219193,77.4200268515354,81.5164254833959,80.8123655970076,80.5297928332926,75.0050837514178,77.4641294571561,68.4853907202658,40.8570487934502,42.068526050081,47.9627316588394,62.2105922950548,56.1988143702835,40.7190432792988,52.8365708586233,63.8121468562925,56.8959278033859,..
Exports of goods and services (% of GDP),NE.EXP.GNFS.ZS,Cote d'Ivoire,CIV,27.7900585635603,27.4698146295241,31.361161437556,28.741013407249,30.1412888678631,31.8789802252367,32.8409302334209,30.4909527241434,27.3532437923476,24.9418624533151,25.4987866021143,22.6941999168587,22.6604887650452,20.9934684842997,22.2962678369402,24.5266423324517,24.5199592562693,..
Exports of goods and services (% of GDP),NE.EXP.GNFS.ZS,Djibouti,DJI,..,..,..,..,..,..,..,..,145.421307480105,103.764025112093,150.098361470494,156.619875027706,166.717746372109,115.626523405724,143.022084396506,169.000456477795,169.105788685534,..
Exports of goods and services (% of GDP),NE.EXP.GNFS.ZS,"Egypt, Arab Rep.",EGY,16.2011173184358,17.4797881237803,18.3161784111903,21.7964071856287,28.2299608489594,30.3435468895079,29.9498138254816,30.249731471536,13.1838454928598,10.3454639403558,15.0140868185672,17.984655608418,16.6440314510365,12.4727757370868,10.5611502153652,15.0870258208479,19.1021039290635,..
Exports of goods and services (% of GDP),NE.EXP.GNFS.ZS,Equatorial Guinea,GNQ,..,..,..,..,..,87.4173831312055,82.3256504465367,88.621293972478,56.6584738218082,51.4128299447575,58.8631052137026,59.6145347244398,51.1307495482003,40.8454498501516,45.1275510492817,52.9670852025114,36.6023261927194,..
Exports of goods and services (% of GDP),NE.EXP.GNFS.ZS,Eritrea,ERI,9.67062059350866,10.8070403599802,11.7811808402808,6.44232783354792,5.77539898239118,6.16571332006919,6.8995093921478,5.77185258376616,..,..,..,..,..,..,..,..,..,..
Exports of goods and services (% of GDP),NE.EXP.GNFS.ZS,Ethiopia,ETH,..,..,..,..,..,..,..,..,9.36331359735926,7.81208050267299,7.62936862241418,8.37267586646371,7.9399766087609,7.12720094276697,7.63170164458893,8.24396237462472,6.59300267773163,..
Exports of goods and services (% of GDP),NE.EXP.GNFS.ZS,Gabon,GAB,69.0321767086082,54.2752324798833,52.6088996947807,51.9294344950898,55.0391552768837,60.0086727573886,60.5718165208079,58.528604586134,46.0320085043705,44.0353472921111,50.2267539725926,54.2990764910062,51.4310732271996,47.5994828159722,60.9391204925529,67.5787331934568,63.728334784929,..
Exports of goods and services (% of GDP),NE.EXP.GNFS.ZS,Ghana,GHA,48.8022576190038,45.2330164667316,42.6162518930867,40.67904265112,39.3033251214107,36.449216950714,24.6561904908957,24.5250906044049,33.8317048233696,31.193239148362,33.8768747799681,33.4548954489265,37.4495998625311,31.5254204867115,30.0551194696231,34.6640435533587,34.0367592151643,..
Exports of goods and services (% of GDP),NE.EXP.GNFS.ZS,Guinea,GIN,16.8193583183757,19.6002796228163,18.1594392886496,17.8020725505263,16.8893836527306,23.8572578868436,23.8243077612749,23.5509559790242,21.4968719824351,29.3715126043271,44.6602984531211,40.2070955328741,35.0420493356329,46.969818134712,56.2186332783709,45.4186514317354,41.5653232624964,..
Exports of goods and services (% of GDP),NE.EXP.GNFS.ZS,Kenya,KEN,21.5875711417625,22.9315763643367,24.8979726147002,24.086815305421,26.6102585752973,28.5090302142012,22.9849396441861,21.9189912933699,15.1287339034504,13.2497448006759,12.7366599413725,12.541975333359,11.4279956869332,9.64186888186451,10.7695743362259,12.1919692160845,11.6861054407608,..
Exports of goods and services (% of GDP),NE.EXP.GNFS.ZS,Lesotho,LSO,..,..,..,..,..,..,..,53.2487600192534,42.8918037123102,45.7796652454104,47.4769340332662,49.8331114219045,46.2093281781161,44.44901227889,46.1460898214545,46.5063823361123,42.9229805805595,..
Exports of goods and services (% of GDP),NE.EXP.GNFS.ZS,Liberia,LBR,..,..,..,..,..,..,..,..,..,..,..,..,..,..,..,..,..,..
Exports of goods and services (% of GDP),NE.EXP.GNFS.ZS,Madagascar,MDG,19.1196684495627,20.070249419803,21.8155744053565,13.6941628175957,19.4573064554058,24.3193861068762,27.4869137812158,27.7962071422596,28.3906461296836,29.0925694335543,30.9026308764808,31.5360236539412,28.4244012431975,20.1420748833617,22.7742898827032,30.3776176106912,26.8675598855334,..
Exports of goods and services (% of GDP),NE.EXP.GNFS.ZS,Malawi,MWI,..,..,..,..,..,..,..,..,..,..,..,..,..,..,..,..,..,..
Exports of goods and services (% of GDP),NE.EXP.GNFS.ZS,Mali,MLI,22.4785904568103,26.3124370675839,28.0874538136608,25.7693403925944,23.6771847065241,22.9888693418902,28.4289450992381,24.1521111507005,24.0437085118274,23.4429129749282,22.4718769579376,24.5226637508643,25.7052911328497,29.7477614015904,27.8671459234148,31.1765585536895,29.4050554839946,..
Exports of goods and services (% of GDP),NE.EXP.GNFS.ZS,Mauritania,MRT,25.5171157140843,25.536995080516,24.7736084028423,19.1247721754728,23.2692575686957,26.7532470536875,42.3641033273967,40.5231617982886,30.1951447553349,33.9251405488546,34.5056775300947,36.5862504012937,42.3975240406607,41.406104283545,39.8560232643025,39.737807822992,38.2879909023547,..
Exports of goods and services (% of GDP),NE.EXP.GNFS.ZS,Mauritius,MUS,60.2825628484701,67.0837948469199,60.7898676078676,55.2631863215924,52.6147202557885,58.2403213454801,58.4439359267735,55.8674978743079,51.4978524051162,49.1740762253697,48.1551661058958,46.0962669509066,44.6671405250455,39.3497952654865,44.201734728189,55.3430183090158,52.4706712906744,..
Exports of goods and services (% of GDP),NE.EXP.GNFS.ZS,Morocco,MAR,24.1968278897887,25.3955453600676,25.9443798115524,24.676486583266,25.3492055058078,27.9958996339897,29.6289667970785,31.4277738089785,29.9958538899695,30.7345951424219,32.6064609907781,33.8284373726717,34.093057468891,30.7941069539783,33.1360849405787,44.8118007632888,42.752081172208,..
Exports of goods and services (% of GDP),NE.EXP.GNFS.ZS,Mozambique,MOZ,11.2856851913847,18.7397822798285,21.4699466720227,22.8118539424611,26.3746134140712,27.8677637269046,28.0396818491761,28.3208398689763,32.5722935328402,35.3819373953665,41.043463320554,45.5310358403147,37.1420563608323,32.7898734687844,40.3504985242732,49.8269428040417,45.2791164196367,..
Exports of goods and services (% of GDP),NE.EXP.GNFS.ZS,Namibia,NAM,40.736150559887,41.0559430255954,46.1689000685777,43.4294440838332,39.797940206821,40.4085763351911,45.3668335484121,49.8552010266907,35.3708484097637,35.0094674181023,33.6208040771432,35.8825645595703,36.4008818615818,33.6778689517423,31.9564108832988,40.3451238515484,43.4122407828397,..
Exports of goods and services (% of GDP),NE.EXP.GNFS.ZS,Niger,NER,14.3397037015635,13.4558135151968,11.9188080478994,13.2742280973529,14.2585696095611,14.411416011146,13.8704426231817,13.0665385476229,14.2683699619368,12.1833388939158,12.8065412142116,11.2957371550569,10.7593769160532,9.73784560618977,9.99372066917064,8.52377989130102,8.82572044697118,..
Exports of goods and services (% of GDP),NE.EXP.GNFS.ZS,Nigeria,NGA,..,..,..,..,..,..,..,..,..,..,..,..,..,..,..,..,..,..
Exports of goods and services (% of GDP),NE.EXP.GNFS.ZS,Rwanda,RWA,5.37717849178342,7.26898430311878,6.18067969706938,7.77665392566841,10.3935220427215,10.6879847934518,10.8834165953429,13.6678238827712,13.2317868359616,15.4218031562888,20.5283808772972,21.10801098862,21.8254435390056,19.3259418342726,19.51924382483,22.4780616958951,25.4207037684665,..
Exports of goods and services (% of GDP),NE.EXP.GNFS.ZS,South Sudan,SSD,..,..,..,..,..,..,..,..,36.6513492804707,..,..,..,..,..,..,..,..,..
Exports of goods and services (% of GDP),NE.EXP.GNFS.ZS,Sudan,SDN,15.9845570577283,9.5605178619468,11.4095829536873,12.2525341182648,14.300391937677,14.458821843369,15.0949253001601,16.9005341241689,6.42291092918573,5.00449100738247,6.11214425821293,7.65020198466392,8.45298341762853,5.12531269468598,2.2498704277993,1.57116183055586,1.10810859289855,..
Exports of goods and services (% of GDP),NE.EXP.GNFS.ZS,Senegal,SEN,17.7641495981977,17.7006801043602,19.6168800518197,18.2180266837333,19.10166287579,19.8066375707013,19.252084644369,20.5543882272223,22.6771945016724,21.5608580962682,21.9300831477167,22.9490914783308,24.9831341973865,20.7005528555706,24.6396021156771,26.857557599241,22.9926823067602,..
Exports of goods and services (% of GDP),NE.EXP.GNFS.ZS,Sierra Leone,SLE,18.1348435554968,5.08434061716529,5.5408071957007,9.00393856342768,10.6636961923979,11.3953247112055,10.9142793443273,10.1237642537445,12.2804889386198,15.1514141432511,16.7433834140102,11.2388259485764,9.6941408328194,9.89004474332578,15.5513654294067,16.7851638614949,21.5245154992414,..
Exports of goods and services (% of GDP),NE.EXP.GNFS.ZS,South Africa,ZAF,24.4043033106919,26.3566606345688,28.4311672176802,23.9152733614034,22.7575187856654,23.5997644915436,26.098249881712,27.958964394702,27.7136384124829,28.1560881698955,27.3400757812216,27.4970371508423,27.2021294051151,27.5759141603963,31.1035988061883,33.3714495540545,32.7545268670556,..
Exports of goods and services (% of GDP),NE.EXP.GNFS.ZS,Tanzania,TZA,10.8128051973219,13.837039970742,14.2816416273557,15.0931227613293,16.0455833088341,16.9833670564514,18.4149914479089,19.8306255869655,17.1049115530965,16.349975063904,15.6634915658043,14.7391433931711,16.0367461484986,13.5038738462361,14.1200223265815,15.4137105201683,17.1954298762963,..
Exports of goods and services (% of GDP),NE.EXP.GNFS.ZS,Chad,TCD,16.8900964319303,14.6657875448771,12.6899405964434,24.6329669069481,51.0088580567156,47.977274188704,47.5844412158485,44.5034938577556,30.0017608897127,26.2950367647059,33.8729624845644,36.1906824485852,36.7422534363826,26.7161490487759,38.7501272510812,49.3201339326375,43.5044116555991,..
Exports of goods and services (% of GDP),NE.EXP.GNFS.ZS,Togo,TGO,20.1566604038007,20.5095258930009,21.4381414951577,23.2296007315538,23.5743613846765,25.1826385889901,25.0476964469213,23.9449595756177,25.9760750558981,25.9963700139807,24.872603736957,24.2239524638869,23.8124527104537,23.263528583167,23.6295484465081,25.5991710804409,23.9052239704764,..
Exports of goods and services (% of GDP),NE.EXP.GNFS.ZS,Tunisia,TUN,39.7300345865581,42.8168233248494,40.7848345956986,39.4835638279828,42.198076650746,44.9322920398366,46.0285163540679,51.0782219815701,38.3998387567342,38.2952955757822,41.7256877901021,45.4863677197516,45.9513065456175,37.9976586185515,42.0256330676663,50.4191359795168,51.8833824346749,..
Exports of goods and services (% of GDP),NE.EXP.GNFS.ZS,Uganda,UGA,10.651409293254,11.5180826373161,11.2132791661446,11.3867248339712,12.6968807487592,14.1796999798574,15.2754133833713,16.7250685273524,12.8773253147369,12.4271644156806,16.6611294211705,15.0870530611511,17.1090580167383,15.4147985397289,15.7810081695276,12.0219954333331,11.6017089255499,..
Exports of goods and services (% of GDP),NE.EXP.GNFS.ZS,Zambia,ZMB,23.9238608307712,25.109699098695,27.1336783308698,25.6839640308427,33.5399822510719,30.6107123143813,32.5929586871888,33.5911932050133,37.1385258014734,35.3246757489657,34.9928577635918,37.9574045480394,34.6361926031881,46.7201864691576,52.2160900183192,40.1939977114306,40.8461239686718,..
Exports of goods and services (% of GDP),NE.EXP.GNFS.ZS,Zimbabwe,ZWE,38.1597545550961,34.9589126909086,31.834798869349,32.3970590920952,34.469799013311,33.5486481895586,35.9561685274509,37.7853732974542,19.1601757893503,19.9435315500903,6.76851678209651,26.1639731327864,27.5541564071286,22.293062976533,22.775240716702,27.8721706935875,21.5794003755333,..
Exports of goods and services (% of GDP),NE.EXP.GNFS.ZS,"Gambia, The",GMB,25.7986743189831,21.8207981338634,27.1573845831505,31.0937864451292,20.5947828682591,19.9032907784291,21.0347123388331,18.0329574603162,15.5708485829147,12.7556347921577,18.4807348225843,22.2881797710858,20.1658912380486,9.60764388834478,6.61733476020691,8.56985063226593,9.60449609672499,..
Exports of goods and services (% of GDP),NE.EXP.GNFS.ZS,Comoros,COM,8.83631405886599,8.83626079762981,8.83617675060801,8.83612987853843,8.83602717918231,8.83628108091383,8.83617933267314,8.97534196697091,10.1361983069761,10.6728955768962,11.9013164484663,12.909022989086,12.7734606325226,5.67175210840519,10.8073216153852,12.7160796545449,12.955861475022,..
Exports of goods and services (% of GDP),NE.EXP.GNFS.ZS,Seychelles,SYC,74.3224695850101,82.5137647126717,76.6793001313966,87.528383299959,72.881704642054,77.107535101306,83.0810386236547,86.8437263258592,90.0846282601248,85.3502574058314,93.9095722862406,87.0444044109968,82.3562686214226,66.5466895183828,80.2638714731898,88.3864980757065,85.9480892526302,..
GDP per capita (current US$),NY.GDP.PCAP.CD,Algeria,DZA,1772.92869122761,1896.30020878013,1937.46411413019,2283.77299346126,2816.99384960555,3233.13339634212,3660.66104745322,4167.45169937531,4685.05902729002,4424.98529027556,4554.66753957828,4577.21029180491,4468.45341883656,3743.5419522929,4160.55926736925,4961.55257664733,5364.02795022731,..
GDP per capita (current US$),NY.GDP.PCAP.CD,Angola,AGO,563.733795571487,533.586202412447,882.147847234303,992.698979254665,1266.21086410236,1916.46842218625,2617.05196022633,3141.0459797605,3213.90261080059,1807.95294072643,2437.25971190821,2538.59139143371,2189.85571407618,1449.92286669308,1925.87466082167,2929.69445467272,2308.15976731274,..
GDP per capita (current US$),NY.GDP.PCAP.CD,Benin,BEN,487.424141384242,492.401499509072,546.463829658159,676.002878084282,758.695803786371,779.437777753268,809.147072506221,912.338247188342,1002.41886882564,1010.53389609187,1054.97408141687,1151.74096952152,1130.82135304977,1197.50136428063,1318.83497843483,1264.70765976655,1394.37330217623,..
GDP per capita (current US$),NY.GDP.PCAP.CD,Botswana,BWA,3450.81180622992,3206.07123689853,3117.25087183011,4230.12326909926,4956.69287735214,5391.07076619634,5291.58379144849,5529.12574632532,6141.20394726616,6749.05994339013,7104.96401088027,7407.95940141786,7172.08956480028,6323.31419156209,7808.20623956293,8329.04032229144,7820.23240375076,..
GDP per capita (current US$),NY.GDP.PCAP.CD,Burkina Faso,BFA,248.908526921752,259.485223380436,285.654087637533,362.373899996953,403.81283743461,441.164148016012,455.513655620024,514.684451177238,630.124750752312,663.742364842886,709.091535894695,777.465618514048,764.853077774946,825.237038782475,895.535288442991,836.118304593682,882.689810086163,..
GDP per capita (current US$),NY.GDP.PCAP.CD,Burundi,BDI,134.537861752389,132.159554541932,120.952308575468,111.406682804391,125.194965184533,147.234619294225,161.892755640319,166.162744906755,280.966831311923,235.286205393908,236.694472592753,224.89939239264,210.236494521532,210.008139902508,214.091455416133,250.634225368744,193.007145564804,..
GDP per capita (current US$),NY.GDP.PCAP.CD,Cabo Verde,CPV,1189.51479345891,1223.33055331575,1328.57874270666,1717.97565369655,1929.49081468781,2004.14680417563,2256.99666191075,3324.57675212498,3415.06266730931,3608.96606551232,3893.09572292025,4294.96510456428,4380.7811916403,3539.22662027109,3971.4440744985,4323.31362665974,4850.98415849643,..
GDP per capita (current US$),NY.GDP.PCAP.CD,Cameroon,CMR,708.565731625965,715.470296470585,789.623811072554,988.241276791846,1133.39326749673,1142.62466252106,1191.45458990968,1325.67248215933,1415.00009710569,1441.7201725688,1496.08951771242,1610.69641591017,1555.22660476477,1555.60370660749,1672.32657340872,1604.87726954895,1736.86091073524,..
GDP per capita (current US$),NY.GDP.PCAP.CD,Central African Republic,CAF,239.154133726071,237.951702544735,248.639290978403,278.403992150941,303.461321152782,311.950023138687,333.942519903031,380.887048839475,366.322853938121,387.176203444318,432.324025684263,455.243962859534,449.228467602439,462.879071294011,492.263142830507,467.359825026238,495.978897153068,..
GDP per capita (current US$),NY.GDP.PCAP.CD,"Congo, Dem. Rep.",COD,377.925421481395,142.678142604412,162.38052907429,161.491553524396,180.664764963633,203.561668860749,238.417639415512,267.88850879878,467.9145805459,442.310472110228,436.584534687385,528.256019777898,557.044161335917,507.521230077872,558.034077296358,642.612265820033,627.502181690836,..
GDP per capita (current US$),NY.GDP.PCAP.CD,"Congo, Rep.",COG,1024.30159109181,854.598314408095,905.538135544704,1016.82363412143,1306.10136324599,1799.05158366154,2103.5821381211,2206.47101863414,2439.35189403696,2093.10728558843,2211.63309874797,2694.43413191427,2488.42466724916,1993.586671931,2516.16255145432,2620.83804267402,2477.97845544866,..
GDP per capita (current US$),NY.GDP.PCAP.CD,Cote d'Ivoire,CIV,936.636541348798,924.727294962066,967.815864415991,1111.17135087887,1199.82524528546,1197.74616979415,1230.43056838584,1367.53817722326,1814.71855088017,1862.59597081287,1964.29930338343,2130.86619381144,2141.76836170115,2179.72934832935,2455.98127641148,2308.70654660366,2530.84659301723,..
GDP per capita (current US$),NY.GDP.PCAP.CD,Djibouti,DJI,737.612183644052,742.133791107063,743.013270420348,764.634465224597,806.261652944964,844.4483573908,898.464628136774,969.573220191902,2376.12554719873,2510.4300076241,2618.95521147369,2718.0853229414,2837.17103336917,2881.99924450145,3019.69343880209,3231.30015326477,3554.83918868372,..
GDP per capita (current US$),NY.GDP.PCAP.CD,"Egypt, Arab Rep.",EGY,1366.09274372613,1295.1374184163,1116.82884626213,1031.27556291284,991.255689145253,1104.80340733395,1298.97900203124,1547.74170735909,3306.98159414141,3270.6287768197,2395.10333299491,2484.70315630508,2962.98892023003,3511.11381026379,3827.35415374308,4233.30783744856,3457.45691570455,..
GDP per capita (current US$),NY.GDP.PCAP.CD,Equatorial Guinea,GNQ,1487.3165506701,1948.61145907844,2264.21065580365,2930.60183743733,4901.30127408119,8673.9026086535,10184.8841248541,12616.9532942011,9068.91003238645,7453.19797948517,7809.10465655488,8102.47084834031,6804.14923073888,5764.05502912947,6945.63069794539,7589.29964909381,6677.793435386,..
GDP per capita (current US$),NY.GDP.PCAP.CD,Eritrea,ERI,314.357396753501,325.409161513593,304.775756465092,348.950327077742,426.840947887032,412.753079199423,447.997404727201,480.44762365456,..,..,..,..,..,..,..,..,..,..
GDP per capita (current US$),NY.GDP.PCAP.CD,Ethiopia,ETH,122.269202606069,118.457204255261,109.593813612988,116.800491132777,133.169812538096,158.243458082465,189.345737521418,237.146255996319,621.845673808133,696.195884706786,745.632449222154,747.968143637014,828.70897229725,905.313175805855,910.947840320752,1011.0732858233,1272.01628209211,..
GDP per capita (current US$),NY.GDP.PCAP.CD,Gabon,GAB,3982.906200928,3835.75718279727,3966.48001864663,4710.74862768151,5465.79193590708,6547.87613955186,6847.00985685394,8003.54289696049,7047.12654634355,6677.07003901644,6921.73373135624,7624.2775233771,7441.1786472281,6605.80346077565,8181.40914134656,8409.2074145028,7802.83659565049,..
GDP per capita (current US$),NY.GDP.PCAP.CD,Ghana,GHA,253.746936203344,263.542156494853,297.46164468774,358.39927142073,406.132105329565,478.611909191028,906.441027564887,1050.12461524926,1721.69964380717,1913.18673253576,2012.97025750655,2196.61290615342,2186.18924111824,2196.54789313621,2445.50081810782,2240.27945094566,2260.28741289427,..
GDP per capita (current US$),NY.GDP.PCAP.CD,Guinea,GIN,518.157066924026,483.085120214741,495.916073559269,566.48540588068,584.897740538081,463.17768685098,446.980554135348,650.148575304385,747.356966759448,711.996509782316,833.598621691121,933.273615633705,1031.34146480732,1053.66097696415,1244.96550477914,1416.59612011764,1541.04050914957,..
GDP per capita (current US$),NY.GDP.PCAP.CD,Kenya,KEN,414.626365130846,410.700452474814,402.936385605382,442.898457253405,463.662781300121,523.456312433863,699.80237063381,840.201439476765,1489.11959777284,1554.12610314423,1667.48447230835,1836.45275528993,1960.40808854893,1927.66459027849,2061.35622089594,2109.56288513137,1952.30457929636,..
GDP per capita (current US$),NY.GDP.PCAP.CD,Lesotho,LSO,442.779545779081,412.677473676821,388.92334985135,583.270036200288,766.685820928242,861.381496414995,925.467485502842,861.188420899563,1121.19851342518,992.491840678465,1069.36673247542,1170.65569702819,1082.05706777516,918.582577421982,1066.58645143823,1029.99553333827,916.282979328622,..
GDP per capita (current US$),NY.GDP.PCAP.CD,Liberia,LBR,298.485340578945,300.463828598983,299.536445539621,239.779556677091,284.140223992458,287.487333441381,320.55808618515,374.211308104278,692.590082351257,714.613063145659,699.269095727404,692.203127129794,658.164180770507,616.787867006715,667.96610514319,744.617175237387,771.887142089677,..
GDP per capita (current US$),NY.GDP.PCAP.CD,Madagascar,MDG,280.282905559649,319.283278235657,304.941777398445,352.620095849925,272.20074858856,305.812074924388,324.146874882604,419.548001431865,445.320069480568,453.970714522463,491.866848718929,500.45718552916,499.818837622534,450.771615201509,490.206238571448,497.242514792961,506.159368687808,..
GDP per capita (current US$),NY.GDP.PCAP.CD,Malawi,MWI,224.22415918428,215.474524898357,428.210439838398,383.348596852642,404.674248445428,414.361121984475,440.822149023873,475.180261659331,539.605363240686,450.506105510719,495.769683367165,533.203173686705,580.889816066776,602.507478176106,617.447520802454,604.269751184515,602.343619809252,..
GDP per capita (current US$),NY.GDP.PCAP.CD,Mali,MLI,256.199554978241,291.159497911347,318.042432039222,371.627016389759,416.278344366266,461.457920288884,493.628706470251,564.157958339126,704.821646439506,730.85493818079,775.536492065709,835.086710561793,820.197390833912,804.343956745857,862.467400106111,813.965034073188,869.270234286992,..
GDP per capita (current US$),NY.GDP.PCAP.CD,Mauritania,MRT,680.911061879778,651.817840199777,648.879643934862,732.017820812675,823.554457141893,998.96583416747,1300.60367988659,1405.15016203368,1554.94897871782,1565.76575722696,1615.00401327323,1722.93528854073,1767.072710621,1795.76459566714,1947.78918383313,1960.35240077424,2120.82320358953,..
GDP per capita (current US$),NY.GDP.PCAP.CD,Mauritius,MUS,3981.98343249582,3908.55694927435,4073.06053055903,4858.26575549747,5460.60800184198,5354.02974260642,5695.97525509869,6574.6635764099,9507.87133656424,9965.72531085228,10841.6847754844,11643.4605962124,11403.2527870674,9011.04288445023,9068.97300226707,10239.7970461095,11613.0441587588,..
GDP per capita (current US$),NY.GDP.PCAP.CD,Morocco,MAR,1499.107421875,1506.24523925781,1596.02062988281,1941.87255859375,2183.55541992188,2242.98828125,2438.12646484375,2755.5859375,3146.24780273438,3140.85546875,3296.52661132813,3501.69799804688,3508.09765625,3268.0302734375,3785.93627929688,3455.39624023438,3771.4462890625,..
GDP per capita (current US$),NY.GDP.PCAP.CD,Mozambique,MOZ,327.12623979157,304.792138621913,313.886661721198,339.488737800648,400.056973161545,436.773856167384,457.487647833183,507.874923914304,610.563774706589,441.489734819071,470.93856305196,517.507260258101,519.09255091362,462.433876479921,509.907829475551,578.251663751351,622.985619320596,..
GDP per capita (current US$),NY.GDP.PCAP.CD,Namibia,NAM,2156.67590512714,1915.58926594875,1772.07565537493,2569.24739317883,3403.15496192955,3685.77299991587,4017.1834716928,4379.04313682732,4774.10650865775,4395.68776162376,5143.96072323076,5308.60813408705,4731.9210318831,3878.58982993966,4412.8355693052,4349.04532248966,4168.28521087347,..
GDP per capita (current US$),NY.GDP.PCAP.CD,Niger,NER,194.771959898935,205.417936120931,225.294391147438,265.225363452469,283.468281798296,318.643121918273,333.345078419447,387.168065883301,485.662574175279,502.706475406446,521.804130023434,578.568035680892,561.691304349698,579.512495758236,608.722439593808,609.745147574878,642.937917863471,..
GDP per capita (current US$),NY.GDP.PCAP.CD,Nigeria,NGA,547.318298903379,566.428231812933,712.164852077686,763.388745367223,962.48104194733,1211.37703504386,1599.53891556365,1815.52697545827,2585.73360671797,2070.4127339595,1876.34027111773,2057.87944554011,2265.15520863056,2019.65706326224,2017.27486481527,2139.37478476974,1596.63696129001,..
GDP per capita (current US$),NY.GDP.PCAP.CD,Rwanda,RWA,251.86926386091,237.308846200901,234.043016755733,249.012274982252,269.540446333402,324.016863847189,356.995022901154,426.234183487629,733.998585018273,729.519154199595,758.301002985965,771.773521962568,810.051420243718,778.701538550324,828.833032800998,975.469315871749,1010.2689290184,..
GDP per capita (current US$),NY.GDP.PCAP.CD,South Sudan,SSD,..,..,..,..,..,..,..,..,1080.14718624765,..,..,..,..,..,..,..,..,..
GDP per capita (current US$),NY.GDP.PCAP.CD,Sudan,SDN,362.116882324219,451.293304443359,506.262634277344,580.320251464844,705.113342285156,905.543640136719,1132.474609375,1444.37219238281,1292.37963867188,1033.21594238281,966.505676269531,731.027465820313,709.975280761719,577.795227050781,712.122009277344,1046.24084472656,2183.44140625,..
GDP per capita (current US$),NY.GDP.PCAP.CD,Senegal,SEN,603.233162455158,637.213530563724,669.430447319209,817.888034221442,918.102079522155,979.846101520171,1017.20196747987,1188.93877808175,1218.00613555438,1266.43957151587,1356.80518449031,1452.55612562445,1431.18128932159,1461.08720350553,1598.10676952274,1564.74522071584,1706.44218024762,..
GDP per capita (current US$),NY.GDP.PCAP.CD,Sierra Leone,SLE,143.743743239644,358.31568592361,388.995136049853,413.817666037168,417.750034826993,462.633324427945,517.913366011018,578.648417351785,945.148168480629,838.631615328371,788.486867334833,845.914540460932,843.71251730417,845.313836261458,885.184270659578,860.130884035452,757.85833603088,..
GDP per capita (current US$),NY.GDP.PCAP.CD,South Africa,ZAF,3217.84693448467,2847.15191945908,2688.23676032806,4062.21755993786,5221.46333731721,5836.87663325127,6077.38293388876,6591.85535960564,6112.27382485974,5651.20585165749,6618.33508255701,6914.1780318076,6533.71121032856,5580.60383075189,6843.39941886204,6523.41097815853,6022.5425418935,..
GDP per capita (current US$),NY.GDP.PCAP.CD,Tanzania,TZA,401.698150634766,396.638732910156,402.649047851563,422.18359375,450.385284423828,483.334869384766,475.746734619141,543.198303222656,939.127319335938,953.0107421875,986.674011230469,1023.10626220703,1063.32250976563,1117.41528320313,1159.85656738281,1207.85302734375,1224.48962402344,..
GDP per capita (current US$),NY.GDP.PCAP.CD,Chad,TCD,163.121663683369,194.32295331156,219.061391951349,289.087621122168,445.850767157087,643.807929251964,693.854591777338,780.581405973967,747.588448455507,668.078636142918,640.117048532702,695.642393675941,678.142035723965,622.095543396442,660.747192555507,671.720147647873,680.639877912029,..
GDP per capita (current US$),NY.GDP.PCAP.CD,Togo,TGO,409.889802792768,396.692654520135,445.238691488925,538.16537776929,560.266308533382,551.259850017077,552.50227125256,607.588224471809,751.052405084336,772.581787093976,792.765487219069,851.130806891807,826.260654099894,853.578220263722,939.613373786407,898.758154410712,985.697512629974,..
GDP per capita (current US$),NY.GDP.PCAP.CD,Tunisia,TUN,2199.04465936314,2235.71981624751,2320.7723805785,2725.8643148859,3067.41936376975,3146.8260743927,3322.56933570096,3726.91672935667,4014.94773686432,3847.80354448809,3619.03247319953,3628.10366464236,3528.87213306798,3548.65363663803,3885.28166485296,3678.40023411347,3977.69516639644,..
GDP per capita (current US$),NY.GDP.PCAP.CD,Uganda,UGA,258.050338731086,236.021188853993,241.984688408335,250.71543664681,292.38185796262,330.405402707025,346.518255310647,401.389130865581,862.934610355811,752.696571725656,765.218332297361,792.16570022814,822.057058189153,845.766463890124,882.791717542504,963.067314117178,1002.30913917142,..
GDP per capita (current US$),NY.GDP.PCAP.CD,Zambia,ZMB,359.429500988221,396.548952993504,393.864625518616,446.290104839041,548.685974566277,710.982068171696,1051.71714895686,1118.73162626953,1295.87788680068,1239.08527877713,1483.46577328065,1463.89997855593,1258.98619844462,951.644316655957,1127.16077872857,1447.12310138035,1330.72780576709,..
GDP per capita (current US$),NY.GDP.PCAP.CD,Zimbabwe,ZWE,562.556900384332,566.107646563399,524.677238832055,468.234185771582,469.484653598898,461.0282813252,430.809179322191,413.302571731556,1386.42284717709,1407.41536437554,3448.08253696926,2271.8533351306,1684.02790388182,1730.41348946953,1724.38773104902,2040.55245910726,2156.0340040333,..
GDP per capita (current US$),NY.GDP.PCAP.CD,"Gambia, The",GMB,538.054072348854,459.803068381399,376.531026962584,308.719123437587,593.285346326581,616.483657865348,614.544307904464,724.726407242432,619.536364296461,650.056501323611,642.522641296331,696.219806960615,738.186751987483,720.335143352133,781.890925169531,836.244875868476,888.157407724123,..
GDP per capita (current US$),NY.GDP.PCAP.CD,Comoros,COM,655.007796688241,691.699908770798,762.116930318449,959.787894504834,1091.27216412426,1103.20658498402,1154.90422349749,1289.73631056361,1329.37048235986,1365.48403444497,1423.9248027797,1540.71132257526,1519.26386436068,1527.16991011916,1584.12450153608,1489.49566257969,1590.31237688317,..
GDP per capita (current US$),NY.GDP.PCAP.CD,Seychelles,SYC,8063.65500575169,8153.2986369879,8864.16919495467,9070.28460757013,10827.671636033,11802.1118276833,12782.9938926475,12669.3026687222,15333.1051727105,16566.9946042294,17480.3651911372,18440.2340460932,19141.5118743615,14041.4754074575,14982.9111487767,17167.1909760833,17879.2396545075,..
GDP per capita (constant 2015 US$),NY.GDP.PCAP.KD,Algeria,DZA,3553.32420521282,3610.00605632903,3754.66081539402,3945.89816092714,4066.28204806069,4223.60252134721,4279.61547125531,4339.25055772185,4685.05902729002,4768.73140080218,4742.90075536604,4717.00358853556,4672.66408682198,4363.68533766912,4456.74687641147,4544.46688059647,4660.40545686886,..
GDP per capita (constant 2015 US$),NY.GDP.PCAP.KD,Angola,AGO,1932.98847886814,1947.85672988915,2139.87259662901,2128.19579323903,2277.86696532928,2526.41057941008,2716.25302638209,2983.0418728513,3213.90261080059,3020.98332805417,2911.60084214038,2775.74642272991,2664.43850995544,2433.37637275564,2385.44881834294,2382.02263952585,2332.88691268977,..
GDP per capita (constant 2015 US$),NY.GDP.PCAP.KD,Benin,BEN,861.213292038555,879.85446379954,893.13710098792,896.14676322811,907.62443123609,893.915368726229,900.620535813856,926.740113781346,1002.41886882564,1006.03926635984,1032.90471197222,1071.50452160085,1114.17304529722,1126.6540412547,1176.37727640735,1218.50010515449,1263.62565116943,..
GDP per capita (constant 2015 US$),NY.GDP.PCAP.KD,Botswana,BWA,5062.64289173588,4971.96371794188,5175.47655317231,5320.440295139,5369.42516766112,5514.21742664705,5865.00026521361,6085.6354476126,6141.20394726616,6490.83463593483,6662.57549449506,6843.80580621129,6951.71989827806,6254.2461755493,6896.17866856924,7159.8638374729,7235.92910677284,..
GDP per capita (constant 2015 US$),NY.GDP.PCAP.KD,Burkina Faso,BFA,428.309796566198,442.914122870048,448.128856317091,468.263047790124,474.086412333459,499.192797571217,514.113131757062,519.26101218434,630.124750752312,648.420480176012,669.276310328333,694.492813126351,717.021595096634,713.8421779224,745.472563435144,739.363021191451,744.165760639938,..
GDP per capita (constant 2015 US$),NY.GDP.PCAP.KD,Burundi,BDI,302.219163799824,300.799882759047,305.4383585397,292.318595090044,295.235119511615,287.030688980174,291.866399549575,290.979116170807,280.966831311923,274.513363399011,269.47688960656,265.672394335817,261.750180238427,255.078218433565,255.917950730796,253.69164159159,253.530723439042,..
GDP per capita (constant 2015 US$),NY.GDP.PCAP.KD,Cabo Verde,CPV,2037.31720912714,2051.21733888102,2127.70872296502,2186.89500422765,2379.79636224135,2514.16779255327,2683.83943856892,3056.97102851154,3415.06266730931,3560.1400729534,3719.71306047915,3853.67940035241,4115.90283469406,3255.93628984058,3471.6553421786,3997.76763250653,4195.75433916189,..
GDP per capita (constant 2015 US$),NY.GDP.PCAP.KD,Cameroon,CMR,1151.27689302947,1169.92670464984,1189.96707897027,1221.09446141454,1271.74326874167,1264.74345218659,1277.32990712342,1295.73067471287,1415.00009710569,1435.61830727839,1444.90682916573,1461.01969999317,1470.31785276187,1434.51913723409,1443.57600237663,1458.66180431693,1466.76885819356,..
GDP per capita (constant 2015 US$),NY.GDP.PCAP.KD,Central African Republic,CAF,437.168928414826,446.658634192083,452.808702217035,418.240532289858,433.825227770233,427.968043155237,439.294330902768,450.762785401893,366.322853938121,376.858254120398,387.35795131742,395.020015455909,401.82582161435,398.834274122139,396.020622931961,399.106838645128,398.330979969132,..
GDP per capita (constant 2015 US$),NY.GDP.PCAP.KD,"Congo, Dem. Rep.",COD,327.240142486849,310.380267408895,309.911785375198,317.778121357431,329.3490636773,338.980980805364,346.179697463638,356.886805082139,467.9145805459,462.47214741215,462.482920889479,473.294077418165,478.632426258904,471.504423341186,484.784649973339,511.299266278693,537.269316970327,..
GDP per capita (constant 2015 US$),NY.GDP.PCAP.KD,"Congo, Rep.",COG,2057.01922023551,2056.16505922617,2100.16876714574,2058.88683675038,2058.88402946896,2140.03686200251,2226.0233547376,2004.10103961966,2439.35189403696,2174.19310251224,2003.27121075187,1909.9560382117,1885.51080877731,1725.51040049963,1701.79060456872,1686.00234391385,1677.08549205924,..
GDP per capita (constant 2015 US$),NY.GDP.PCAP.KD,Cote d'Ivoire,CIV,1717.95385651231,1636.57318705218,1551.27925902838,1441.58801755037,1451.86547141894,1431.73320203111,1437.77453798586,1420.1738958245,1814.71855088017,1889.27777949938,1972.81431788947,2013.32307598499,2093.09994335779,2055.08483996432,2146.47635317946,2223.28825303231,2302.7469807991,..
GDP per capita (constant 2015 US$),NY.GDP.PCAP.KD,Djibouti,DJI,..,..,..,..,..,..,..,..,2376.12554719873,2502.85181449431,2596.45134698268,2677.16701469784,2781.94687224659,2776.54090852115,2860.53793870551,2925.84071784878,3078.28598659063,..
GDP per capita (constant 2015 US$),NY.GDP.PCAP.KD,"Egypt, Arab Rep.",EGY,2458.60835003016,2492.03441188721,2498.48121191713,2524.80477192682,2574.42341789124,2635.70305227819,2761.62410769792,2902.06559804963,3306.98159414141,3381.22246306207,3452.90961245539,3568.63966286161,3701.2446345188,3770.86947867421,3837.31992324447,4029.78295457978,4111.24924442966,..
GDP per capita (constant 2015 US$),NY.GDP.PCAP.KD,Equatorial Guinea,GNQ,3839.08642737128,5882.85050306586,6604.0054631081,7082.65489186921,9208.60566707162,10212.4545051498,10521.9996774827,11594.9172068456,9068.91003238645,7971.83401904573,7259.10936454803,6578.90039765711,6018.12066321865,5575.26241511492,5487.92479201992,5524.24312418579,5118.21986148331,..
GDP per capita (constant 2015 US$),NY.GDP.PCAP.KD,Eritrea,ERI,845.132430060544,893.268735439193,889.009113592982,830.379672282601,808.591420184592,809.794793468889,789.402432018085,789.072701743247,..,..,..,..,..,..,..,..,..,..
GDP per capita (constant 2015 US$),NY.GDP.PCAP.KD,Ethiopia,ETH,257.412698845663,270.451435406907,266.316614456911,252.806674812797,278.648105685268,302.475022727211,325.543392093065,352.360703147014,621.845673808133,662.32729587522,706.164227289541,734.227726626757,774.512169391667,799.47559497498,822.305881002002,843.643330424579,875.373675519289,..
GDP per capita (constant 2015 US$),NY.GDP.PCAP.KD,Gabon,GAB,7596.09970650519,7556.76995314898,7338.75620613605,7301.67154442842,7148.98713447497,7130.22505771754,6724.08148977274,6908.67399162999,7047.12654634355,6991.3251446736,6840.05959347802,6724.5961429108,6817.56879468764,6534.27966529444,6479.0490069252,6527.48207900404,6541.69710787282,..
GDP per capita (constant 2015 US$),NY.GDP.PCAP.KD,Ghana,GHA,1021.63839077699,1034.58177618235,1051.81029306745,1077.0285660206,1107.6143459009,1142.5995744161,1184.52735767503,1204.56621753786,1721.69964380717,1739.72659778545,1840.29925048368,1914.26001947098,1998.3081197152,1968.96680139824,2028.78406599559,2066.17306715611,2086.80608066,..
GDP per capita (constant 2015 US$),NY.GDP.PCAP.KD,Guinea,GIN,614.137235083638,628.320554864936,650.554963973291,644.071217908894,645.182843390689,651.359606871604,645.472001923653,673.698997420626,747.356966759448,807.236421043888,867.907502577607,899.907328045175,926.42221954853,945.570903389665,973.646890096159,987.502501465337,1028.47369985676,..
GDP per capita (constant 2015 US$),NY.GDP.PCAP.KD,Kenya,KEN,1195.41296851656,1202.29348759987,1171.4262517349,1169.14433674051,1191.25443604556,1223.44738472019,1263.54164666211,1309.91092948216,1489.11959777284,1517.97796057742,1542.33773973372,1596.69045914945,1645.70961777862,1609.33414078281,1698.89578271444,1747.53198804428,1808.40479129677,..
GDP per capita (constant 2015 US$),NY.GDP.PCAP.KD,Lesotho,LSO,725.263668707773,752.243212493971,760.033443180306,798.540500554454,817.793597897186,853.960500629797,893.750686627156,927.26863327342,1121.19851342518,1147.58748801671,1097.82166812752,1068.44462913373,1040.99351014117,944.834118658555,955.221236301503,967.51928598325,974.382482849023,..
GDP per capita (constant 2015 US$),NY.GDP.PCAP.KD,Liberia,LBR,754.850917360951,754.422355762017,762.716393927064,528.567395543421,535.995882066218,539.665378841936,551.377446611852,574.609394348543,692.590082351257,668.031513175601,671.260899835355,665.875439637137,636.699384824869,605.025475431411,621.927983063426,638.005183858289,653.329188343162,..
GDP per capita (constant 2015 US$),NY.GDP.PCAP.KD,Madagascar,MDG,465.529509827021,478.40561494987,406.70122213637,433.601040301214,443.278654985967,450.955230911228,461.540337897729,473.785462328449,445.320069480568,451.15659433146,456.851859574031,459.330367799543,467.27741349648,422.924255422319,436.090064737198,442.415162117323,448.058746204617,..
GDP per capita (constant 2015 US$),NY.GDP.PCAP.KD,Malawi,MWI,418.592985031573,388.260039765002,385.308980233616,397.224846762569,408.064916052501,410.267979585416,417.877689774176,445.254305414801,539.605363240686,538.221990810316,544.795729217028,553.528790898715,569.866249368475,559.447086082658,569.968967318961,560.635759711524,556.744034801608,..
GDP per capita (constant 2015 US$),NY.GDP.PCAP.KD,Mali,MLI,541.349959295276,606.087325789489,605.798110999901,640.357496675707,629.62644918936,649.1577691577,657.496279045272,658.457019310221,704.821646439506,722.812021596039,737.275674738634,748.506920372791,760.795187413671,729.061137632465,728.671852610385,731.640024202997,743.273871368099,..
GDP per capita (constant 2015 US$),NY.GDP.PCAP.KD,Mauritania,MRT,1304.64439067179,1262.65567288639,1252.10300454131,1308.56307582578,1338.66768122804,1418.53202144135,1637.04191255803,1563.60628765192,1554.94897871782,1528.05152299375,1576.06857825162,1602.90225649072,1605.1352359742,1553.30615586591,1520.31117904613,1576.75624107308,1630.27171808744,..
GDP per capita (constant 2015 US$),NY.GDP.PCAP.KD,Mauritius,MUS,5671.0295504201,5814.74834570012,5867.77362995049,6170.64876733851,6397.59346169031,6472.87388554741,6756.22955969517,7110.69493851624,9507.87133656424,9868.32716641952,10247.6960577758,10652.4836886859,10956.9450226163,9362.87435896817,9679.12123882353,10570.4275259933,11319.2352240984,..
GDP per capita (constant 2015 US$),NY.GDP.PCAP.KD,Morocco,MAR,1957.14135742188,2078.96606445313,2127.50708007813,2229.576171875,2301.08178710938,2342.15478515625,2489.99291992188,2540.615234375,3146.24780273438,3124.42504882813,3242.64428710938,3304.7119140625,3364.73950195313,3090.89428710938,3309.130859375,3325.560546875,3403.31982421875,..
GDP per capita (constant 2015 US$),NY.GDP.PCAP.KD,Mozambique,MOZ,287.390630344484,317.185703581034,340.13537022259,356.521157404125,377.064958084878,391.699758163976,420.526462764726,442.049574057751,610.563774706589,620.779714954555,618.397694360334,621.153734194787,617.13932000195,591.804059985932,588.215854695416,596.058889467339,610.174972826279,..
GDP per capita (constant 2015 US$),NY.GDP.PCAP.KD,Namibia,NAM,3083.59657884697,3055.40444831936,3145.94566281247,3232.30589658857,3582.89503259701,3627.75059772278,3834.99894666178,3987.61796106565,4774.10650865775,4648.62713460213,4476.73324402105,4400.47537705743,4243.09274481966,3787.49943973286,3809.80753359714,3903.73340788924,3965.35920570222,..
GDP per capita (constant 2015 US$),NY.GDP.PCAP.KD,Niger,NER,392.898616941042,406.923493665264,412.123793192578,406.333757497876,393.398781453199,407.190931059924,415.852022114801,413.419126261066,485.662574175279,495.017437216008,501.615305462902,519.546993483886,532.186024570389,533.194328910254,523.263179518652,566.797962983866,562.137571413883,..
GDP per capita (constant 2015 US$),NY.GDP.PCAP.KD,Nigeria,NGA,1421.67987952013,1465.45720342309,1644.39518877632,1717.2145111176,1824.80269456773,1889.25175325817,1949.15856804565,2020.83316299454,2585.73360671797,2481.81490350326,2441.71236404487,2431.77857832567,2431.53528472982,2337.57587388074,2372.57314465346,2398.98622787065,2416.36198205178,..
GDP per capita (constant 2015 US$),NY.GDP.PCAP.KD,Rwanda,RWA,333.355069767411,358.446036782143,400.27039679917,400.191596187801,418.780971680294,446.029782373711,474.364570468705,497.171591741909,733.998585018273,759.606241725671,771.069190383494,817.57838732716,874.639605475352,826.391257189481,896.267225355832,948.379194381944,1004.21571099829,..
GDP per capita (constant 2015 US$),NY.GDP.PCAP.KD,South Sudan,SSD,..,..,..,..,..,..,..,..,1080.14718624765,..,..,..,..,..,..,..,..,..
GDP per capita (constant 2015 US$),NY.GDP.PCAP.KD,Sudan,SDN,1111.11865234375,1150.17626953125,1185.21533203125,1226.42077636719,1255.67114257813,1290.24438476563,1336.1240234375,1372.10961914063,1292.37963867188,1297.15454101563,1261.87353515625,1185.94445800781,1126.55297851563,1056.86474609375,1009.54888916016,973.225280761719,767.248779296875,..
GDP per capita (constant 2015 US$),NY.GDP.PCAP.KD,Senegal,SEN,1048.37474052363,1067.36886550595,1042.25509944289,1074.38578467686,1098.20064546027,1119.0505307548,1118.7830430051,1123.99862153285,1218.00613555438,1257.40906915928,1312.10932776049,1355.09610863712,1379.60875249861,1361.79143748646,1414.5395109385,1432.86013001798,1463.19101905166,..
GDP per capita (constant 2015 US$),NY.GDP.PCAP.KD,Sierra Leone,SLE,649.404708238465,573.319808206318,684.719710400667,719.793625697478,740.951027512485,752.690253176869,767.797732668035,811.033383728662,945.148168480629,981.743978922239,994.582742641008,1005.24821808651,1036.22706679474,999.888885139707,1035.03777484863,1066.03912308826,1102.44133602893,..
GDP per capita (constant 2015 US$),NY.GDP.PCAP.KD,South Africa,ZAF,4700.87555500704,4786.482450463,4916.81498068625,5011.62223150169,5187.35683424034,5406.07581377638,5650.9883176549,5891.42069421698,6112.27382485974,6095.295060428,6125.6920507497,6117.2701406047,6032.82972598668,5569.58483319272,5756.19549409213,5783.86090401536,5747.41965032482,..
GDP per capita (constant 2015 US$),NY.GDP.PCAP.KD,Tanzania,TZA,555.348083496094,573.400146484375,598.421569824219,621.720703125,650.516540527344,680.051208496094,704.502746582031,731.52001953125,939.127319335938,970.156127929688,1001.88745117188,1024.01525878906,1051.7666015625,1041.25964355469,1054.31726074219,1070.58532714844,1092.86413574219,..
GDP per capita (constant 2015 US$),NY.GDP.PCAP.KD,Chad,TCD,368.078261898703,397.356889219968,416.339854809106,458.923045624901,586.537221681774,661.008702427265,641.784341007243,640.337914179992,747.588448455507,679.167834353956,637.440946195503,631.014596004206,630.861050028594,601.325555951846,574.17448671329,570.220902592433,567.181912180859,..
GDP per capita (constant 2015 US$),NY.GDP.PCAP.KD,Togo,TGO,679.533367700848,667.298281784325,675.440744386282,702.799200216835,678.287546160331,630.248628319525,629.079855938738,603.837896358253,751.052405084336,763.276549113054,774.276909071917,791.59353236921,810.514132815471,806.956490395231,835.199051274184,862.763712696128,896.874686928368,..
GDP per capita (constant 2015 US$),NY.GDP.PCAP.KD,Tunisia,TUN,2864.55075602101,2941.74275551058,2950.20794016332,3058.23292911168,3218.72738670507,3301.94245942789,3444.55582504699,3642.12450341045,4014.94773686432,4015.29664102169,4062.22677519573,4128.10393763368,4154.95861594283,3749.26722435797,3902.54258302726,3983.49130488497,3958.56222854122,..
GDP per capita (constant 2015 US$),NY.GDP.PCAP.KD,Uganda,UGA,509.19755319016,519.456547890884,547.405338919875,564.720539196569,585.339489080616,604.404813057618,650.270540867444,684.542241787248,862.934610355811,874.648370639216,871.093880017151,895.07512785438,920.939101515671,917.0350317644,919.401675217265,933.094056370423,955.745797275462,..
GDP per capita (constant 2015 US$),NY.GDP.PCAP.KD,Zambia,ZMB,804.48463418783,822.020935308251,833.021177549004,863.650190656785,895.475258534826,929.079255855905,968.563565019492,1013.08567432637,1295.87788680068,1303.57513869133,1308.76829240086,1321.25045711573,1301.18132976178,1228.73500113195,1269.10821808895,1298.8480495593,1330.85998216751,..
GDP per capita (constant 2015 US$),NY.GDP.PCAP.KD,Zimbabwe,ZWE,1668.42629652647,1681.15753890747,1516.96797300533,1244.26624252479,1159.34533235308,1082.84189897767,1032.70126370387,981.948498265975,1386.42284717709,1379.62834257428,1415.35133209501,1464.31529361767,1350.30985088104,1224.27231433409,1305.22011277711,1361.91453034818,1410.7373112787,..
GDP per capita (constant 2015 US$),NY.GDP.PCAP.KD,"Gambia, The",GMB,659.911237641141,679.539755947951,640.03893213613,665.834222326194,693.563314497133,658.676285443081,636.596026908866,637.20930597537,619.536364296461,615.193365494386,628.777299272925,658.127833258563,682.797642940426,670.758642891251,689.49323955737,710.686979216316,727.838723280227,..
GDP per capita (constant 2015 US$),NY.GDP.PCAP.KD,Comoros,COM,1203.65176320696,1206.65692984083,1208.85806145614,1210.73356414137,1210.80066418831,1220.00358435192,1227.29007394321,1212.69668410872,1329.37048235986,1345.62616538094,1369.41180288464,1391.84570443398,1389.36488019886,1359.7070894329,1359.76286116275,1368.37463227743,1382.51969363483,..
GDP per capita (constant 2015 US$),NY.GDP.PCAP.KD,Seychelles,SYC,11703.7535246117,11427.9413083015,11218.2606464315,10677.9692081272,10412.0868936027,11297.3118190493,12105.4475265558,13112.8210098816,15333.1051727105,16962.6753972731,17921.5731976918,18628.1862276696,19481.6461053742,17048.361729788,17005.0422063679,16188.7813275605,16715.2650923889,..
,,,,,,,,,,,,,,,,,,,,,
,,,,,,,,,,,,,,,,,,,,,
,,,,,,,,,,,,,,,,,,,,,
Data from database: World Development Indicators,,,,,,,,,,,,,,,,,,,,,
Last Updated: 04/15/2025,,,,,,,,,,,,,,,,,,,,,
